,City_ID,City,City Country,City date,Lat,Lng,Max Temp,Humidity,Cloudiness,Wind Speed
0,1,ewa beach,US,1665215568,21.3156,-158.0072,78.75,75,100,5.75
1,2,tuatapere,NZ,1665215568,-46.1333,167.6833,47.75,75,94,5.82
2,3,chokurdakh,RU,1665215569,70.6333,147.9167,23.5,88,100,24.34
3,4,albany,US,1665215317,42.6001,-73.9662,46.51,79,100,8.84
4,5,rikitea,PF,1665215569,-23.1203,-134.9692,71.24,66,3,20.83
5,6,caravelas,BR,1665215569,-17.7125,-39.2481,73.89,90,50,10.65
6,7,cap-aux-meules,CA,1665215570,47.3821,-61.8597,57.22,94,100,14.97
7,8,siniscola,IT,1665215571,40.5719,9.6922,62.15,53,8,2.51
8,9,chichimila,MX,1665215571,20.6167,-88.2167,70.34,99,22,2.57
9,10,alexandria,EG,1665215571,31.2156,29.9553,77.54,50,40,8.05
10,11,yellowknife,CA,1665215571,62.456,-114.3525,39.72,100,75,4.61
11,12,faanui,PF,1665215572,-16.4833,-151.75,77.99,78,10,17.92
12,13,mahebourg,MU,1665215335,-20.4081,57.7,77.29,61,40,17.27
13,14,ribeira grande,PT,1665215572,38.5167,-28.7,70.2,88,75,4.61
14,15,itaqui,BR,1665215572,-29.1253,-56.5531,54.79,77,0,9.51
15,16,cockburn town,TC,1665215573,21.4612,-71.1419,82.67,76,7,20.07
16,17,erdenet,MN,1665215573,49.0333,104.0833,35.62,31,0,7.23
17,18,pevek,RU,1665215574,69.7008,170.3133,27.48,62,100,29.84
18,19,makat,KZ,1665215574,47.6469,53.3463,67.6,41,100,9.48
19,20,avera,US,1665215574,33.194,-82.5271,64.38,65,94,6.91
20,21,butaritari,KI,1665215575,3.0707,172.7902,81.19,78,9,11.63
21,22,georgetown,MY,1665215575,5.4112,100.3354,86.9,71,20,7
22,23,kerema,PG,1665215576,-7.9631,145.7785,81.45,82,98,3.29
23,24,hualmay,PE,1665215576,-11.0964,-77.6139,60.06,86,99,8.43
24,25,upernavik,GL,1665215577,72.7868,-56.1549,17.02,81,100,6.91
25,26,basco,PH,1665215577,20.4487,121.9702,82.76,75,31,16.44
26,27,ushuaia,AR,1665215420,-54.8,-68.3,37.06,87,75,5.75
27,28,zaraza,VE,1665215578,9.3503,-65.3245,71.33,97,29,3.11
28,29,port pirie,AU,1665215578,-33.1833,138.0167,58.3,51,8,13.47
29,30,kawalu,ID,1665215579,-7.3817,108.2082,77.54,85,100,4.07
30,31,jacareacanga,BR,1665215579,-6.2222,-57.7528,74.48,75,49,2.71
31,32,imbituba,BR,1665215579,-28.24,-48.6703,62.85,76,0,5.35
32,33,ancud,CL,1665215579,-41.8697,-73.8203,40.69,74,6,8.77
33,34,kieta,PG,1665215579,-6.2167,155.6333,80.65,75,61,5.88
34,35,shimoda,JP,1665215580,34.6667,138.95,68.36,69,100,12.03
35,36,kargasok,RU,1665215504,59.0556,80.8572,52.38,62,100,11.36
36,37,hilo,US,1665215555,19.7297,-155.09,80.28,91,75,4.61
37,38,nurota,UZ,1665215581,40.5614,65.6886,73.02,11,1,10.25
38,39,masuguru,TZ,1665215582,-11.3667,38.4167,89.06,35,38,4.41
39,40,asau,RO,1665215582,46.4333,26.4,60.28,66,53,2.66
40,41,ponta do sol,PT,1665215582,32.6667,-17.1,72.01,70,30,6.35
41,42,cherskiy,RU,1665215583,68.75,161.3,22.46,86,100,24.29
42,43,fortuna,US,1665215583,40.5982,-124.1573,55.35,86,40,3.65
43,44,tuktoyaktuk,CA,1665215584,69.4541,-133.0374,36.39,84,100,15.26
44,45,hermanus,ZA,1665215378,-34.4187,19.2345,66.79,58,60,5.26
45,46,sitka,US,1665215584,57.0531,-135.33,54.43,94,100,1.72
46,47,chipinge,ZW,1665215584,-20.1883,32.6236,72.75,48,27,9.33
47,48,new norfolk,AU,1665215585,-42.7826,147.0587,52.72,61,71,5.01
48,49,la rioja,ES,1665215585,42.25,-2.5,53.38,90,100,3.11
49,50,shagonar,RU,1665215586,51.5333,92.8,46.81,31,27,3.8
50,51,toora-khem,RU,1665215586,52.4675,96.11,41.56,41,15,3.83
51,52,varhaug,NO,1665215586,58.6147,5.6457,49.89,73,89,15.61
52,53,barrow,US,1665215516,71.2906,-156.7887,33.82,86,100,20.71
53,54,cape town,ZA,1665215575,-33.9258,18.4232,71.11,65,0,18.41
54,55,tres passos,BR,1665215587,-27.4556,-53.9319,49.66,95,1,4.21
55,56,katangli,RU,1665215587,51.7102,143.2326,38.19,60,84,4.94
56,57,nan,TH,1665215587,18.8333,100.6667,87.82,62,20,4.61
57,58,tual,ID,1665215588,-5.6667,132.75,82.83,78,12,12.46
58,59,mataura,NZ,1665215589,-46.1927,168.8643,46.36,74,57,2.35
59,60,atuona,PF,1665215589,-9.8,-139.0333,76.42,79,26,19.28
60,61,cullman,US,1665215590,34.1748,-86.8436,60.15,67,40,5.75
61,62,punta arenas,CL,1665215590,-53.15,-70.9167,41.11,65,40,11.5
62,63,port elizabeth,ZA,1665215590,-33.918,25.5701,79.11,62,0,6.91
63,64,leningradskiy,RU,1665215591,69.3833,178.4167,18.7,75,100,9.33
64,65,puerto ayora,EC,1665215591,-0.7393,-90.3518,64.54,100,98,3
65,66,bilokurakyne,UA,1665215592,49.5341,38.7307,60.06,55,2,8.55
66,67,bud,US,1665215592,39.447,-86.1758,41.92,91,0,5.19
67,68,ostrovnoy,RU,1665215592,68.0531,39.5131,45.48,93,100,16.62
68,69,lebu,CL,1665215593,-37.6167,-73.65,44.64,73,78,13.58
69,70,jiexiu,CN,1665215593,37.0244,111.9125,61.93,30,100,11.7
70,71,ust-koksa,RU,1665215593,50.2696,85.6108,57.76,28,19,2.17
71,72,tiksi,RU,1665215594,71.6872,128.8694,21.81,90,87,13.18
72,73,kapaa,US,1665215547,22.0752,-159.319,75.09,85,100,9.22
73,74,srednekolymsk,RU,1665215594,67.45,153.6833,22.71,62,100,17.45
74,75,port lincoln,AU,1665215594,-34.7333,135.8667,56.37,59,38,11.16
75,76,nioro,GM,1665215595,13.35,-15.75,77.49,89,100,4.21
76,77,tasiilaq,GL,1665215595,65.6145,-37.6368,29.5,85,100,4.94
77,78,chuy,UY,1665215595,-33.6971,-53.4616,54.23,77,10,10.04
78,79,kodiak,US,1665215595,57.79,-152.4072,51.31,93,100,0
79,80,port shepstone,ZA,1665215596,-30.7414,30.455,71.26,74,18,24
80,81,fairbanks,US,1665215596,64.8378,-147.7164,38.3,90,100,5.75
81,82,cabo san lucas,MX,1665215596,22.8909,-109.9124,75.61,71,0,5.93
82,83,bluff,NZ,1665215596,-46.6,168.3333,52.95,62,99,12.64
83,84,portland,US,1665215597,45.5234,-122.6762,68.09,84,0,1.01
84,85,avarua,CK,1665215597,-21.2078,-159.775,73.45,83,20,5.75
85,86,port alfred,ZA,1665215597,-33.5906,26.891,71.19,69,42,5.01
86,87,phan thiet,VN,1665215597,10.9333,108.1,80.96,84,100,14.5
87,88,thompson,CA,1665215598,55.7435,-97.8558,28.56,93,40,3.44
88,89,bandarbeyla,SO,1665215598,9.4942,50.8122,88.47,52,5,18.54
89,90,sorland,NO,1665215598,67.667,12.6934,46.26,76,100,12.1
90,91,vaini,TO,1665215598,-21.2,-175.2,75.36,88,100,10.36
91,92,vakhsh,TJ,1665215599,37.7149,68.8346,75.42,22,4,4.47
92,93,alice springs,AU,1665215599,-23.7,133.8833,72.95,27,0,17.27
93,94,lagoa,PT,1665215599,39.05,-27.9833,69.62,88,86,10
94,95,yazoo city,US,1665215600,32.8551,-90.4056,64.71,64,100,8.08
95,96,chicama,PE,1665215600,-7.8447,-79.1469,57.74,87,78,5.39
96,97,taoudenni,ML,1665215600,22.6783,-3.9836,93.4,17,71,11.45
97,98,kavieng,PG,1665215600,-2.5744,150.7967,82.94,75,61,13.87
98,99,umm lajj,SA,1665215601,25.0213,37.2685,88.88,61,0,13.44
99,100,nikolskoye,RU,1665215601,59.7035,30.7861,50.81,67,86,13.29
100,101,sembe,CG,1665215601,1.6481,14.5806,78.96,68,87,3.31
101,102,khatanga,RU,1665215602,71.9667,102.5,26.15,96,100,11.07
102,103,cheremkhovo,RU,1665215603,53.1561,103.0675,42.35,37,10,7.36
103,104,cam ranh,VN,1665215603,11.9214,109.1591,75.16,100,75,6.91
104,105,bambous virieux,MU,1665215604,-20.3428,57.7575,77.25,61,40,17.27
105,106,lavrentiya,RU,1665215604,65.5833,-171,34.5,77,90,1.01
106,107,hobart,AU,1665215604,-42.8794,147.3294,53.06,58,75,12.66
107,108,constitucion,CL,1665215604,-35.3333,-72.4167,45.93,70,19,13.06
108,109,novaya ladoga,RU,1665215604,60.1025,32.3019,51.17,71,100,17.16
109,110,jamestown,US,1665215605,42.097,-79.2353,42.71,61,100,8.05
110,111,vila franca do campo,PT,1665215605,37.7167,-25.4333,71.2,84,100,3.87
111,112,la sarre,CA,1665215605,48.8002,-79.1996,32.11,74,100,12.03
112,113,aasiaat,GL,1665215607,68.7098,-52.8699,23.77,79,100,2.06
113,114,dikson,RU,1665215607,73.5069,80.5464,31.59,91,96,11.21
114,115,narsaq,GL,1665215608,60.9167,-46.05,20.48,79,38,7.61
115,116,ketchikan,US,1665215608,55.3422,-131.6461,51.78,100,40,0
116,117,sampit,ID,1665215608,-2.5333,112.95,77.59,92,100,3.42
117,118,corinto,GR,1665215609,37.9407,22.9573,72.9,44,0,8.72
118,119,grand forks,US,1665215609,47.9417,-97.4337,40.93,52,0,8.05
119,120,yatou,CN,1665215609,37.15,122.3833,61.93,56,65,8.81
120,121,tautira,PF,1665215610,-17.7333,-149.15,76.39,82,46,19.62
121,122,coquimbo,CL,1665215610,-29.9533,-71.3436,53.33,100,100,3.44
122,123,carnarvon,AU,1665215611,-24.8667,113.6333,75.87,42,62,18.84
123,124,qaanaaq,GL,1665215611,77.484,-69.3632,5.63,68,7,8.68
124,125,broome,US,1665215611,42.2506,-75.833,45.7,82,100,9.22
125,126,milagro,ES,1665215611,42.2386,-1.764,63.27,68,33,12.48
126,127,harper,LR,1665215612,4.375,-7.7169,77.52,87,70,6.22
127,128,ankang,CN,1665215612,32.68,109.0172,55.36,96,100,1.1
128,129,dukat,RU,1665215613,62.55,155.55,5.63,84,45,6.93
129,130,berlevag,NO,1665215613,70.8578,29.0864,42.75,75,20,24.16
130,131,abu kamal,SY,1665215613,34.4506,40.9171,87.53,30,22,6.31
131,132,prince rupert,CA,1665215614,54.3161,-130.3201,50.09,100,100,6.91
132,133,nanortalik,GL,1665215614,60.1432,-45.2371,33.82,82,39,20.15
133,134,port-gentil,GA,1665215472,-0.7193,8.7815,78.76,89,75,2.3
134,135,chara,RU,1665215615,56.9064,118.2631,32,56,67,3.62
135,136,saint-philippe,RE,1665215616,-21.3585,55.7679,81.1,69,0,13.82
136,137,souillac,MU,1665215404,-20.5167,57.5167,77.38,61,40,17.27
137,138,mount gambier,AU,1665215616,-37.8333,140.7667,49.91,76,100,12.66
138,139,bredasdorp,ZA,1665215616,-34.5322,20.0403,68.81,50,84,4.65
139,140,honiara,SB,1665215438,-9.4333,159.95,80.56,79,26,5.39
140,141,lompoc,US,1665215617,34.6391,-120.4579,56.52,97,100,3.44
141,142,basoko,CD,1665215617,1.2391,23.616,75.31,81,100,1.07
142,143,eyl,SO,1665215618,7.9803,49.8164,88.86,50,7,19.37
143,144,general pico,AR,1665215618,-35.6566,-63.7568,51.89,28,100,17.98
144,145,sept-iles,CA,1665215619,50.2001,-66.3821,46.92,98,100,11.5
145,146,jaltenango,MX,1665215619,15.8719,-92.7247,67.75,98,100,2.73
146,147,busselton,AU,1665215619,-33.65,115.3333,62.1,55,0,9.57
147,148,bairiki,KI,1665215619,1.3292,172.9752,82.4,78,75,10.36
148,149,saldanha,ZA,1665215358,-33.0117,17.9442,64.45,71,92,14.14
149,150,suntar,RU,1665215620,62.1444,117.6319,34.7,76,100,9.4
150,151,goya,AR,1665215620,-29.14,-59.2626,57.45,62,45,8.41
151,152,college,US,1665215620,64.8569,-147.8028,38.28,90,100,5.75
152,153,hegang,CN,1665215452,47.4,130.3667,46.94,47,99,2.8
153,154,pangnirtung,CA,1665215621,66.1451,-65.7125,25.14,81,100,1.7
154,155,bengkulu,ID,1665215621,-3.8004,102.2655,80.17,71,100,0.96
155,156,itarema,BR,1665215621,-2.9248,-39.9167,79.02,75,77,14.27
156,157,san patricio,US,1665215622,28.017,-97.5169,77.85,66,100,4.92
157,158,kamenka,RU,1665215622,51.3223,42.7678,56.59,59,0,3.22
158,159,surt,LY,1665215414,31.2089,16.5887,74.86,56,9,5.73
159,160,saskylakh,RU,1665215622,71.9167,114.0833,27.45,96,100,9.75
160,161,kirovsk,UA,1665215623,48.6375,38.6428,60.15,54,54,12.3
161,162,palmer,US,1665215623,42.1584,-72.3287,50.25,80,0,8.05
162,163,arraial do cabo,BR,1665215624,-22.9661,-42.0278,70.72,90,99,9.24
163,164,najran,SA,1665215624,17.4924,44.1277,86.65,12,49,12.19
164,165,saint-pierre,RE,1665215624,-21.3393,55.4781,81.18,50,0,9.22
165,166,luanda,AO,1665215624,-8.8368,13.2343,75.38,79,99,5.55
166,167,castro,BR,1665215625,-24.7911,-50.0119,46.89,93,0,0.45
167,168,meadow lake,US,1665215625,34.8014,-106.5436,56.91,89,100,5.55
168,169,kodinsk,RU,1665215626,58.6881,99.1844,41.18,65,100,7.31
169,170,saravena,CO,1665215626,6.9538,-71.8752,69.33,97,100,2.55
170,171,gizo,SB,1665215626,-8.103,156.8419,82.31,73,56,6.13
171,172,kovdor,RU,1665215626,67.5662,30.4758,44.53,86,100,10.18
172,173,chik,RU,1665215628,54.9928,82.4311,60.55,36,0,11.18
173,174,rawson,AR,1665215628,-43.3002,-65.1023,45.59,59,26,31.29
174,175,tura,IN,1665215628,25.5198,90.2201,82.35,77,22,5.55
175,176,severo-kurilsk,RU,1665215629,50.6789,156.125,43.65,60,100,1.23
176,177,tonj,SS,1665215629,7.2737,28.6822,79.99,71,98,6.87
177,178,torbay,CA,1665215629,47.6666,-52.7314,50.58,93,100,10.36
178,179,sibolga,ID,1665215630,1.7427,98.7792,84.83,63,94,5.35
179,180,pedernales,DO,1665215630,18.0384,-71.744,80.2,66,9,3.6
180,181,brigantine,US,1665215631,39.4101,-74.3646,59.2,69,100,16.11
181,182,ikom,NG,1665215631,5.9667,8.7063,72.79,97,100,2.42
182,183,puerto carreno,CO,1665215631,6.189,-67.4859,74.14,88,100,4.47
183,184,lucapa,AO,1665215631,-8.4192,20.7447,84.02,47,23,3.76
184,185,kruisfontein,ZA,1665215631,-34.0033,24.7314,76.89,30,100,6.46
185,186,bethel,US,1665215524,41.3712,-73.414,52.75,77,100,4
186,187,lipin bor,RU,1665215632,60.2622,37.9763,49.59,81,100,15.41
187,188,esperance,AU,1665215632,-33.8667,121.9,69.26,42,91,4.99
188,189,antalaha,MG,1665215632,-14.9003,50.2788,77.38,67,63,14.9
189,190,goderich,CA,1665215633,43.7501,-81.7165,46.9,61,94,10.36
190,191,isabela,PH,1665215633,6.7085,121.9711,87.85,75,76,2.08
191,192,namatanai,PG,1665215633,-3.6667,152.4333,81.55,73,28,10.09
192,193,ornskoldsvik,SE,1665215634,63.2909,18.7153,45.55,87,0,8.05
193,194,campbell river,CA,1665215634,50.0163,-125.2446,61.45,78,0,6.31
194,195,nagydorog,HU,1665215634,46.6275,18.6556,61.59,61,97,5.55
195,196,maniitsoq,GL,1665215635,65.4167,-52.9,32.85,75,78,12.08
196,197,ammon,US,1665215635,43.4696,-111.9666,51.35,60,79,4.29
197,198,coihaique,CL,1665215635,-45.5752,-72.0662,36.21,80,0,3.44
198,199,calvinia,ZA,1665215635,-31.4707,19.776,80.42,14,0,10.36
199,200,airai,TL,1665215636,-8.9266,125.4092,74.44,54,21,4.05
200,201,comodoro rivadavia,AR,1665215573,-45.8667,-67.5,44.46,45,0,16.11
201,202,nago,JP,1665215637,26.5881,127.9761,81.03,69,91,11.25
202,203,almoloya,MX,1665215637,19.7,-98.4,51.87,91,93,4.79
203,204,fuerte olimpo,PY,1665215638,-21.0415,-57.8738,59.67,71,0,4.54
204,205,port moresby,PG,1665215639,-9.4431,147.1797,83.62,79,40,17.27
205,206,bilma,NE,1665215639,18.6853,12.9164,85.03,21,5,15.12
206,207,richards bay,ZA,1665215639,-28.783,32.0377,77.52,50,10,7.54
207,208,east london,ZA,1665215382,-33.0153,27.9116,72.54,60,0,9.22
208,209,roswell,US,1665215640,34.0232,-84.3616,61.56,87,0,5.75
209,210,arlit,NE,1665215363,18.7369,7.3853,89.08,18,3,10
210,211,wewak,PG,1665215641,-3.5534,143.6268,82.85,79,19,8.57
211,212,bagotville,AU,1665215641,-28.9833,153.4167,70.86,85,98,13.49
212,213,artigas,UY,1665215642,-30.4,-56.4667,53.11,78,0,9.4
213,214,tinos,GR,1665215642,37.5375,25.1634,69.93,60,40,18.41
214,215,lorengau,PG,1665215643,-2.0226,147.2712,82.49,74,99,8.72
215,216,pisco,PE,1665215643,-13.7,-76.2167,55.45,88,40,2.3
216,217,paamiut,GL,1665215644,61.994,-49.6678,31.96,75,12,14.14
217,218,plettenberg bay,ZA,1665215644,-34.0527,23.3716,72.28,44,100,4.12
218,219,moose factory,CA,1665215644,51.2585,-80.6094,35.6,86,100,11.5
219,220,axim,GH,1665215645,4.8699,-2.2405,78.58,79,87,2.93
220,221,nantucket,US,1665215645,41.2835,-70.0995,57.15,81,100,15.93
221,222,polewali,ID,1665215645,-3.4324,119.3435,82.65,82,100,2.35
222,223,sembakung,ID,1665215646,3.8167,117.25,88.84,60,89,3.65
223,224,barsovo,RU,1665215646,61.1667,73.1667,50.13,72,91,8.77
224,225,clyde river,CA,1665215646,70.4692,-68.5914,21.43,79,100,8.05
225,226,koshurnikovo,RU,1665215646,54.1667,93.3,45.68,38,100,5.66
226,227,korla,CN,1665215647,41.7597,86.1469,70.5,21,34,2.48
227,228,bathurst,AU,1665215647,-33.4166,149.5806,52.97,95,100,1.99
228,229,katsuura,JP,1665215647,35.1333,140.3,68.83,68,100,16.08
229,230,vidim,RU,1665215648,56.4088,103.1106,37.98,67,100,6.24
230,231,talnakh,RU,1665215648,69.4865,88.3972,34.21,96,100,10.54
231,232,hasaki,JP,1665215648,35.7333,140.8333,71.22,62,100,16.2
232,233,saint anthony,US,1665215649,45.0205,-93.218,36.14,83,0,5.75
233,234,ust-maya,RU,1665215649,60.4167,134.5333,25.86,67,100,4.85
234,235,cidreira,BR,1665215649,-30.1811,-50.2056,57.51,82,0,7.38
235,236,karratha,AU,1665215649,-20.7377,116.8463,83.91,36,56,17.58
236,237,chala,TZ,1665215650,-7.5833,31.2667,72.63,26,22,10.47
237,238,chenzhou,CN,1665215578,25.8,113.0333,78.33,46,4,5.64
238,239,kaseda,JP,1665215650,31.4167,130.3167,73.29,59,98,6.02
239,240,mantua,IT,1665215650,45.1667,10.7833,66.34,81,23,1.99
240,241,marsh harbour,BS,1665215650,26.5412,-77.0636,80.31,77,49,12.77
241,242,ambon,ID,1665215651,-3.6954,128.1814,86.14,74,20,6.91
242,243,birao,CF,1665215651,10.2849,22.7882,80.94,69,100,4.34
243,244,imeni poliny osipenko,RU,1665215651,52.4201,136.4853,37.67,60,82,4.16
244,245,meulaboh,ID,1665215651,4.1363,96.1285,82.31,65,100,0.38
245,246,galesong,ID,1665215652,-5.3166,119.3661,80.62,69,100,7.25
246,247,haines junction,CA,1665215652,60.7522,-137.5108,51.75,62,100,6.91
247,248,aranos,NA,1665215419,-24.1333,19.1167,90.05,9,2,13.94
248,249,sao joao da barra,BR,1665215652,-21.6403,-41.0511,73.22,83,86,11.9
249,250,okha,RU,1665215652,53.5739,142.9478,36.3,68,86,11.36
250,251,tsalka,GE,1665215653,41.5946,44.0891,53.19,86,85,7.14
251,252,codajas,BR,1665215653,-3.8367,-62.0569,75.29,59,8,2.19
252,253,maarianhamina,AX,1665215653,60.0973,19.9348,51.66,87,75,10.36
253,254,hithadhoo,MV,1665215654,-0.6,73.0833,81.61,76,12,15.08
254,255,lata,PT,1665215654,40.1629,-8.3327,61.81,54,24,2.19
255,256,domanivka,UA,1665215654,47.6319,30.9885,61.57,50,76,10.02
256,257,ngunguru,NZ,1665215655,-35.6167,174.5,57.4,72,100,13.6
257,258,arman,RU,1665215655,59.7,150.1667,27.23,78,64,1.28
258,259,point pedro,LK,1665215655,9.8167,80.2333,83.12,65,76,9.95
259,260,half moon bay,US,1665215655,37.4636,-122.4286,68.47,91,100,8.05
260,261,dinga,PK,1665215655,32.6398,73.722,89.87,36,0,5.73
261,262,mirnyy,RU,1665215656,62.5353,113.9611,33.24,69,100,11.01
262,263,buala,SB,1665215656,-8.145,159.5921,81.01,76,51,8.52
263,264,panguipulli,CL,1665215656,-39.6333,-72.3333,35.26,96,70,1.16
264,265,port hedland,AU,1665215656,-20.3167,118.5667,89.65,29,27,18.41
265,266,riyadh,SA,1665215251,24.6877,46.7219,93.34,8,0,4.88
266,267,halifax,CA,1665215657,44.6453,-63.5724,58.21,95,20,6.91
267,268,tabory,RU,1665215657,58.5198,64.5495,44.89,90,100,4.56
268,269,teya,RU,1665215657,60.3778,92.6267,41.29,70,100,11.63
269,270,victoria,HK,1665215462,22.2855,114.1577,87.85,64,11,8.99
270,271,karasjok,NO,1665215657,69.4719,25.5112,41.07,81,100,7.25
271,272,moerai,PF,1665215658,-22.4333,-151.3333,73.18,83,1,16.64
272,273,areosa,PT,1665215658,41.7178,-8.8571,63.82,77,0,3.56
273,274,pasighat,IN,1665215659,28.0667,95.3333,82.44,82,55,3.62
274,275,antofagasta,CL,1665215659,-23.65,-70.4,58.28,85,45,2.75
275,276,aligudarz,IR,1665215659,33.4006,49.6949,73.15,12,0,4.99
276,277,navolato,MX,1665215659,24.7672,-107.6944,77.13,84,63,3.27
277,278,kaka,TM,1665215659,37.3482,59.6143,77.86,20,0,8.23
278,279,bure,ET,1665215660,10.7,37.0667,62.71,88,96,2.06
279,280,adrar,MR,1665215660,20.5022,-10.0711,85.84,23,43,7
280,281,vangaindrano,MG,1665215660,-23.35,47.6,80.51,52,18,10.09
281,282,novoagansk,RU,1665215660,61.9449,76.6625,47.37,78,99,10.49
282,283,padang,ID,1665215661,-0.9492,100.3543,89.65,70,100,0.56
283,284,kashi,CN,1665215661,39.4547,75.9797,69.01,24,0,4.47
284,285,jiaojiang,CN,1665215661,28.6803,121.4428,66.99,78,100,7.47
285,286,barwadih,IN,1665215661,23.8333,84.1167,90,52,33,2.89
286,287,anloga,GH,1665215661,5.7947,0.8973,78.94,79,100,7.09
287,288,buckeye,US,1665215662,33.3703,-112.5838,77.81,46,75,11.5
288,289,brazzaville,CG,1665215662,-4.2658,15.2832,77.36,78,75,5.75
289,290,yar-sale,RU,1665215662,66.8333,70.8333,40.23,95,100,5.59
290,291,wolgast,DE,1665215663,54.05,13.7667,51.82,70,100,15.3
291,292,misratah,LY,1665215663,32.3754,15.0925,73.71,64,22,1.66
292,293,khani,GE,1665215663,41.9563,42.9566,69.37,37,47,6.35
293,294,aksarka,RU,1665215664,66.5606,67.7975,41.97,89,100,6.89
294,295,nedjo,ET,1665215664,9.5046,35.5019,65.05,87,93,1.39
295,296,isangel,VU,1665215664,-19.55,169.2667,75.97,81,52,19.35
296,297,camocim,BR,1665215665,-2.9022,-40.8411,75.94,85,5,11.97
297,298,telciu,RO,1665215665,47.4333,24.4,61.72,67,71,1.81
298,299,oswego,US,1665215665,43.4501,-76.1497,45.59,64,100,8.05
299,300,luderitz,NA,1665215666,-26.6481,15.1594,72.63,46,0,12.73
300,301,poum,NC,1665215666,-20.2333,164.0167,77.02,78,20,10.78
301,302,nizhniy tsasuchey,RU,1665215666,50.5167,115.1333,41.52,39,99,14.05
302,303,beringovskiy,RU,1665215666,63.05,179.3167,30.06,69,99,8.16
303,304,paita,PE,1665215666,-5.0892,-81.1144,62.98,86,100,10.87
304,305,norman wells,CA,1665215667,65.282,-126.8329,39.24,70,75,2.3
305,306,loyga,RU,1665215667,61.0784,44.6075,46.76,91,100,10.18
306,307,eravur,LK,1665215667,7.7733,81.6095,86.43,59,100,10.2
307,308,tandil,AR,1665215667,-37.3217,-59.1332,52.97,82,100,15.93
308,309,port augusta,AU,1665215668,-32.5,137.7667,59.13,50,8,16.53
309,310,tolaga bay,NZ,1665215668,-38.3667,178.3,51.3,79,6,9.13
310,311,dingle,PH,1665215668,10.9995,122.6711,83.64,81,100,7.72
311,312,erenhot,CN,1665215668,43.6475,111.9767,35.46,62,100,34.25
312,313,kattivakkam,IN,1665215669,13.2167,80.3167,89.69,66,35,7.76
313,314,wick,GB,1665215669,58.4333,-3.0833,44.65,87,40,5.75
314,315,gat,IL,1665215670,31.61,34.7642,80.78,6,2,9.15
315,316,cicero dantas,BR,1665215670,-10.6,-38.3833,68.34,90,88,9.55
316,317,salalah,OM,1665215470,17.0151,54.0924,85.06,48,11,8.97
317,318,camargo,MX,1665215670,27.6667,-105.1667,63.03,74,16,2.19
318,319,zhezkazgan,KZ,1665215670,47.8043,67.7144,67.98,11,0,17.9
319,320,eureka,US,1665215671,40.8021,-124.1637,55.62,87,67,4.47
320,321,concepcion del oro,MX,1665215671,24.6333,-101.4167,54.39,77,70,6.38
321,322,tezu,IN,1665215671,27.9167,96.1667,85.82,63,49,2.75
322,323,vostok,RU,1665215671,46.4856,135.8833,37.06,63,90,2.26
323,324,faya,SA,1665215672,18.3851,42.4509,75.72,18,24,5.7
324,325,inuvik,CA,1665215672,68.3499,-133.7218,40.06,72,20,9.22
325,326,lazaro cardenas,MX,1665215672,17.9583,-102.2,76.3,87,8,3.87
326,327,pinhao,BR,1665215672,-25.6956,-51.6597,42.21,95,0,2.68
327,328,manitouwadge,CA,1665215673,49.1215,-85.8403,35.98,72,100,10.42
328,329,ahuimanu,US,1665215673,21.4447,-157.8378,77.76,82,25,4.83
329,330,yulara,AU,1665215673,-25.2406,130.9889,74.66,20,0,10.27
330,331,kathu,TH,1665215673,7.9178,98.3332,86.7,99,95,2.73
331,332,barra do pirai,BR,1665215674,-22.47,-43.8256,65.32,97,100,1.7
332,333,igarka,RU,1665215674,67.4667,86.5833,33.17,99,100,14.72
333,334,muzhi,RU,1665215675,65.3667,64.6667,46.81,71,84,8.72
334,335,talaya,RU,1665215675,61.3833,152.75,7.16,86,77,7.54
335,336,north bend,US,1665215675,43.4065,-124.2243,56.25,100,100,13.8
336,337,maues,BR,1665215676,-3.3836,-57.7186,74.88,70,5,3.06
337,338,saint-joseph,RE,1665215676,-21.3667,55.6167,80.1,69,17,11.03
338,339,greymouth,NZ,1665215676,-42.4667,171.2,49.71,80,72,4.65
339,340,pudozh,RU,1665215676,61.8099,36.5345,50.14,78,100,13.8
340,341,provideniya,RU,1665215677,64.3833,-173.3,33.03,94,83,6.64
341,342,vila velha,BR,1665215677,-20.3297,-40.2925,76.95,83,0,3.44
342,343,vardo,NO,1665215677,70.3705,31.1107,44.58,81,100,11.5
343,344,mar del plata,AR,1665215588,-38.0023,-57.5575,59.09,90,100,8.05
344,345,tabou,CI,1665215678,4.423,-7.3528,77.25,88,77,5.59
345,346,klaksvik,FO,1665215678,62.2266,-6.589,47.32,74,100,19.55
346,347,phalaborwa,ZA,1665215678,-23.943,31.1411,74.48,41,3,9.98
347,348,morondava,MG,1665215678,-20.2833,44.2833,82.2,66,0,8.52
348,349,chaman,PK,1665215679,30.9236,66.4512,75.81,5,0,5.82
349,350,ballina,AU,1665215679,-28.8667,153.5667,71.02,85,100,15.93
350,351,hami,CN,1665215679,42.8,93.45,65.01,11,0,16.93
351,352,aripuana,BR,1665215679,-9.1667,-60.6333,69.76,99,74,3
352,353,nevesinje,BA,1665215620,43.2586,18.1133,47.26,52,93,2.77
353,354,taunggyi,MM,1665215680,20.7833,97.0333,75.18,68,87,1.86
354,355,samana,DO,1665215681,19.2056,-69.3369,77.05,90,38,8.37
355,356,oda,JP,1665215681,35.1833,132.5,65.17,60,3,15.55
356,357,aklavik,CA,1665215681,68.2191,-135.0107,38.62,61,94,18.21
357,358,chimoio,MZ,1665215681,-19.1164,33.4833,71.46,73,75,10.36
358,359,pringsewu,ID,1665215682,-5.3582,104.9744,78.26,83,100,0.81
359,360,saint george,US,1665215682,37.1041,-113.5841,72.19,37,0,5.01
360,361,aykhal,RU,1665215682,66,111.5,26.6,90,100,18.54
361,362,ruidoso,US,1665215682,33.3317,-105.673,51.15,97,100,3.44
362,363,baymak,RU,1665215682,52.5933,58.3225,45.54,78,87,16.13
363,364,mehamn,NO,1665215683,71.0357,27.8492,42.71,81,20,11.5
364,365,shimanovsk,RU,1665215683,52,127.7,35.96,40,19,6.91
365,366,bubaque,GW,1665215683,11.2833,-15.8333,81.88,78,100,10.74
366,367,villaviciosa,ES,1665215615,43.4813,-5.4357,64.17,82,100,5.28
367,368,skelleftea,SE,1665215486,64.7507,20.9528,44.96,93,0,12.66
368,369,xichang,CN,1665215684,27.8964,102.2634,66.52,82,96,4.36
369,370,swan hill,AU,1665215684,-35.3378,143.5544,55.83,55,46,9.1
370,371,ust-nera,RU,1665215685,64.5667,143.2,9.81,90,56,8.21
371,372,zhigansk,RU,1665215685,66.7697,123.3711,27.43,84,100,11.59
372,373,kasongo-lunda,CD,1665215685,-6.4667,16.8167,82.09,64,50,2.21
373,374,tres arroyos,AR,1665215429,-38.3739,-60.2798,45.64,86,18,17.22
374,375,camacupa,AO,1665215686,-12.0167,17.4833,81.54,33,5,5.55
375,376,cloquet,US,1665215686,46.7216,-92.4594,34.65,87,0,5.75
376,377,pitimbu,BR,1665215686,-7.4706,-34.8086,73.99,85,3,6.02
377,378,quelimane,MZ,1665215686,-17.8786,36.8883,80.55,74,40,4.61
378,379,solnechnyy,RU,1665215686,50.7214,136.6319,36.57,78,100,3.38
379,380,zeya,RU,1665215687,53.75,127.2667,34.99,39,20,3.36
380,381,destin,US,1665215687,30.3935,-86.4958,70.97,71,0,5.75
381,382,sturgeon falls,CA,1665215687,46.3646,-79.9326,36.9,80,23,7.96
382,383,orangeburg,US,1665215688,33.4918,-80.8557,57.81,91,69,1.01
383,384,alyangula,AU,1665215688,-13.8483,136.4192,84.06,68,100,10
384,385,altamira,BR,1665215689,-3.2033,-52.2064,70.77,91,6,2.77
385,386,alofi,NU,1665215689,-19.0595,-169.9187,76.89,73,100,16.11
386,387,launceston,AU,1665215620,-41.45,147.1667,53.24,69,100,9.22
387,388,bethalto,US,1665215689,38.9092,-90.0407,45.05,87,0,0
388,389,kaeo,NZ,1665215690,-35.1,173.7833,57.33,81,100,9.1
389,390,lima,PE,1665215396,-12.0432,-77.0282,58.89,86,100,9.22
390,391,guarapari,BR,1665215690,-20.6667,-40.4975,73.35,79,100,3.74
391,392,tayginka,RU,1665215691,55.6244,60.5076,46.72,81,100,10.85
392,393,cuamba,MZ,1665215691,-14.8031,36.5372,89.47,18,3,8.05
393,394,whitehorse,CA,1665215692,60.7161,-135.0538,54.37,58,100,16.11
394,395,puerto escondido,MX,1665215692,15.85,-97.0667,77.7,79,79,4.47
395,396,lincoln,US,1665215692,40.8,-96.667,35.17,87,1,1.01
396,397,jamiltepec,MX,1665215692,16.2833,-97.8167,68.81,96,84,3.44
397,398,daro,GN,1665215693,8.5185,-9.569,68.05,100,100,0.4
398,399,cabedelo,BR,1665215693,-6.9811,-34.8339,74.07,84,1,8.05
399,400,aransas pass,US,1665215693,27.9095,-97.15,77.99,100,0,4.61
400,401,san quintin,MX,1665215694,30.4833,-115.95,68.25,87,6,8.32
401,402,bara,NG,1665215694,10.3744,10.7288,76.78,89,100,5.68
402,403,acapulco,MX,1665215694,16.8634,-99.8901,77.56,88,71,5.46
403,404,hattiesburg,US,1665215694,31.3271,-89.2903,68.65,74,0,6.91
404,405,boende,CD,1665215695,-0.2167,20.8667,84.13,57,69,4.32
405,406,lumphat,KH,1665215695,13.4878,106.9816,85.51,80,86,3.06
406,407,nzerekore,GN,1665215695,7.7562,-8.8179,69.8,99,100,0.38
407,408,saint-louis,SN,1665215619,16.3333,-15,80.24,55,80,8.61
408,409,ashland,US,1665215696,40.8167,-82.2665,40.15,96,46,6.93
409,410,jalu,LY,1665215696,29.0331,21.5482,72.63,41,100,6.42
410,411,erzin,TR,1665215403,36.9559,36.2,74.8,58,12,6.49
411,412,teahupoo,PF,1665215696,-17.8333,-149.2667,69.76,82,51,20.31
412,413,sini,IN,1665215697,22.8,85.9667,89.28,63,36,3.27
413,414,geraldton,AU,1665215697,-28.7667,114.6,77.41,23,0,16.11
414,415,acarau,BR,1665215697,-2.8856,-40.12,77.92,80,51,13.8
415,416,jermuk,AM,1665215697,39.8417,45.6723,66.67,30,6,7.4
416,417,sisophon,KH,1665215697,13.5859,102.9737,86.85,66,100,1.72
417,418,nyurba,RU,1665215698,63.2842,118.3319,32.77,90,100,8.28
418,419,agboville,CI,1665215698,5.928,-4.2132,75.78,93,81,1.68
419,420,jizan,SA,1665215698,17.3333,42.6667,95.94,35,41,5.93
420,421,koungou,YT,1665215699,-12.7336,45.2042,83.91,58,0,13.8
421,422,umm kaddadah,SD,1665215699,13.6017,26.6876,89.35,30,17,9.98
422,423,irituia,BR,1665215699,-1.7711,-47.4381,70.81,99,27,2.3
423,424,fastovetskaya,RU,1665215699,45.9189,40.1589,67.84,39,6,21.45
424,425,barkly west,ZA,1665215700,-28.5354,24.5215,74.48,14,0,22.55
425,426,moron,AR,1665215700,-34.6534,-58.6198,68.97,56,100,6.87
426,427,qitaihe,CN,1665215700,45.8,130.85,52.39,46,43,5.23
427,428,constanta,RO,1665215487,44.1833,28.65,66.88,69,41,17.52
428,429,karasburg,NA,1665215701,-28.0167,18.75,87.22,6,0,9.1
429,430,gouyave,GD,1665215701,12.1646,-61.7296,79.57,89,40,11.5
430,431,nokaneng,BW,1665215701,-19.6667,22.2667,91.56,12,0,16.49
431,432,port hardy,CA,1665215701,50.6996,-127.4199,51.98,100,100,3.44
432,433,floriano,BR,1665215444,-6.7669,-43.0225,77.47,50,34,4.52
433,434,sharlyk,RU,1665215584,52.9167,54.75,51.24,73,67,17.05
434,435,vieste,IT,1665215702,41.8825,16.175,69.13,69,100,4.03
435,436,ibimirim,BR,1665215703,-8.5406,-37.6903,67.24,89,0,4.23
436,437,banjarmasin,ID,1665215704,-3.3244,114.591,82.54,81,100,4.34
437,438,naze,JP,1665215705,28.3667,129.4833,77.92,66,99,10.6
438,439,talara,PE,1665215705,-4.5772,-81.2719,64.45,84,100,15.82
439,440,port blair,IN,1665215705,11.6667,92.75,82.44,83,40,6.91
440,441,martaban,MM,1665215706,16.5314,97.6111,87.13,68,44,4.88
441,442,wattegama,LK,1665215706,6.7989,81.4808,94.12,39,100,4.5
442,443,santa cruz,BO,1665215697,-17.8,-63.1667,65.66,88,0,8.05
443,444,totness,SR,1665215706,5.8833,-56.3167,76.14,87,48,8.79
444,445,grindavik,IS,1665215707,63.8424,-22.4338,45.07,93,75,13.8
445,446,semirom,IR,1665215539,31.4167,51.5667,65.25,16,0,5.37
446,447,darhan,MN,1665215707,49.4867,105.9228,41.07,31,8,2.46
447,448,camana,PE,1665215707,-16.6228,-72.7111,58.15,82,26,4.14
448,449,salto,UY,1665215572,-31.3833,-57.9667,64.87,57,0,8.99
449,450,ahipara,NZ,1665215708,-35.1667,173.1667,53.62,79,100,7.07
450,451,rincon,US,1665215708,32.296,-81.2354,70.86,75,100,3.76
451,452,hay river,CA,1665215709,60.8156,-115.7999,40.98,75,75,3.44
452,453,yeppoon,AU,1665215709,-23.1333,150.7333,76.78,86,5,9.44
453,454,kawambwa,ZM,1665215709,-9.7915,29.0791,83.88,14,1,9.69
454,455,myitkyina,MM,1665215710,25.3833,97.4,85.17,84,20,2.1
455,456,longyearbyen,SJ,1665215710,78.2186,15.6401,39.04,70,75,9.22
456,457,byron bay,AU,1665215710,-28.65,153.6167,70.95,80,100,14.7
457,458,qaqortoq,GL,1665215711,60.7167,-46.0333,26.98,80,12,7.4
458,459,weatherford,US,1665215711,32.7593,-97.7972,66.29,62,63,3
459,460,tau,NO,1665215711,59.0667,5.9,49.55,86,97,15.57
460,461,te anau,NZ,1665215711,-45.4167,167.7167,44.38,82,90,5.44
461,462,kailua,US,1665215712,21.4022,-157.7394,78.03,84,23,6.06
462,463,kapit,MY,1665215712,2.0167,112.9333,82.45,90,100,2.53
463,464,kilindoni,TZ,1665215712,-7.9139,39.6668,77.97,71,67,11.45
464,465,port macquarie,AU,1665215712,-31.4333,152.9167,68.9,94,100,11.23
465,466,camacha,PT,1665215712,33.0833,-16.3333,67.42,83,40,13.8
466,467,bondowoso,ID,1665215713,-7.9135,113.8214,81.19,82,100,1.77
467,468,olafsvik,IS,1665215713,64.8945,-23.7142,39.43,97,100,24.16
468,469,ugoofaaru,MV,1665215713,5.6667,73,81.43,76,100,16.89
469,470,derzhavinsk,KZ,1665215714,51.1,66.3167,57.61,36,100,14.65
470,471,lambarene,GA,1665215714,-0.7001,10.2406,73.42,94,100,2.26
471,472,inongo,CD,1665215715,-1.95,18.2667,74.64,80,65,3.04
472,473,coari,BR,1665215715,-4.085,-63.1414,76.03,64,52,3.04
473,474,fomboni,KM,1665215716,-12.28,43.7425,78.04,66,6,11.63
474,475,aleksandrov gay,RU,1665215717,50.147,48.5704,60.17,49,0,7.67
475,476,makakilo city,US,1665215717,21.3469,-158.0858,76.57,79,0,3.44
476,477,grand gaube,MU,1665215717,-20.0064,57.6608,77.4,57,44,11.01
477,478,ilulissat,GL,1665215718,69.2167,-51.1,21.83,70,100,3.15
478,479,batemans bay,AU,1665215718,-35.7167,150.1833,54.77,95,100,15.75
479,480,lodwar,KE,1665215718,3.1191,35.5973,88.45,34,100,13.87
480,481,inirida,CO,1665215718,3.8653,-67.9239,72.36,98,68,3.06
481,482,donduseni,MD,1665215718,48.2427,27.6101,58.62,44,30,7.7
482,483,nusaybin,TR,1665215719,37.0778,41.2178,87.39,11,0,5.75
483,484,bathsheba,BB,1665215719,13.2167,-59.5167,81.21,78,20,18.41
484,485,iqaluit,CA,1665215719,63.7506,-68.5145,28.13,74,75,12.66
485,486,daru,PG,1665215720,-9.0763,143.2092,80.4,89,100,13.31
486,487,adre,TD,1665215720,13.4667,22.2,86.45,25,14,17.25
487,488,krasnoselkup,RU,1665215720,65.7,82.4667,38.37,98,100,8.72
488,489,rio grande,BR,1665215717,-32.035,-52.0986,56.39,79,0,8.55
489,490,havoysund,NO,1665215720,70.9963,24.6622,43.03,81,38,20.94
490,491,kholodnyy,RU,1665215721,62.7167,147.95,7.18,95,25,3.65
491,492,barcelos,PT,1665215722,41.5388,-8.6151,67.91,65,1,3.51
492,493,usinsk,RU,1665215646,65.9939,57.5281,45.97,74,90,18.25
493,494,mahuva,IN,1665215722,21.0914,71.7622,86.65,56,100,5.97
494,495,lardos,GR,1665215722,36.0942,28.0157,73.22,49,0,5.57
495,496,saquena,PE,1665215723,-4.6667,-73.5167,70.74,99,100,0.83
496,497,turukhansk,RU,1665215723,65.8167,87.9833,35.17,100,100,13.89
497,498,sinegorye,RU,1665215723,62.0788,150.477,8.46,88,41,7.52
498,499,felipe carrillo puerto,MX,1665215724,19.5833,-88.05,71.02,99,64,3.2
499,500,bukama,CD,1665215725,-9.2,25.85,93.7,14,0,5.46
500,501,fare,PF,1665215725,-16.7,-151.0167,77.83,78,6,18.01
501,502,chifeng,CN,1665215726,42.2683,118.9636,58.91,49,96,14.76
502,503,mhlume,SZ,1665215726,-26.0333,31.85,73.24,42,7,5.64
503,504,makaryev,RU,1665215727,57.8797,43.8069,52.9,73,47,10.85
504,505,mahon,ES,1665215727,39.8885,4.2658,68.56,94,20,5.75
505,506,shwebo,MM,1665215727,22.5667,95.7,86.22,68,98,5.73
506,507,termiz,UZ,1665215728,37.2242,67.2783,73.49,16,0,4.61
507,508,inhambane,MZ,1665215728,-23.865,35.3833,82.38,74,40,7
508,509,shubarshi,KZ,1665215728,48.5872,57.1869,63,45,21,18.88
509,510,targusor,RO,1665215728,44.45,28.4167,65.68,60,0,13.8
510,511,maple creek,CA,1665215729,49.9168,-109.4848,50.41,75,2,1.14
511,512,techiman,GH,1665215729,7.5862,-1.9414,70.43,96,100,2.19
512,513,olinda,BR,1665215729,-8.0089,-34.8553,78.53,73,40,10.36
513,514,lawrenceburg,US,1665215730,38.0373,-84.8966,41.72,94,0,5.48
514,515,sinnai,IT,1665215730,39.3042,9.2036,71.47,58,0,4.61
515,516,laguna,US,1665215730,38.421,-121.4238,74.64,68,0,0
516,517,carman,CA,1665215731,49.4992,-98.0016,49.12,49,21,10.36
517,518,villavieja,ES,1665215731,39.85,-0.1833,68.5,73,52,1.86
518,519,brockville,CA,1665215731,44.5834,-75.6826,40.12,92,52,6.17
519,520,raga,SS,1665215731,8.4596,25.678,79.12,71,99,7.11
520,521,san cristobal,VE,1665215732,7.7669,-72.225,63.75,97,100,2.8
521,522,mukhen,RU,1665215732,48.1,136.1,42.66,63,15,2.57
522,523,high level,CA,1665215733,58.5169,-117.136,37.51,93,0,2.3
523,524,pochutla,MX,1665215733,15.7432,-96.4661,75.81,83,97,4.12
524,525,acatlan,MX,1665215733,20.15,-98.45,52.72,98,100,4.99
525,526,pacific grove,US,1665215733,36.6177,-121.9166,57.02,94,0,2.71
526,527,bobo dioulasso,BF,1665215637,11.1771,-4.2979,73.85,83,20,4.61
527,528,nishihara,JP,1665215734,26.1842,127.7558,80.26,75,75,11.5
528,529,washington,US,1665215735,47.5001,-120.5015,63.91,57,5,3.74
529,530,isilkul,RU,1665215735,54.9109,71.2728,56.71,51,38,8.01
530,531,rocha,UY,1665215735,-34.4833,-54.3333,58.33,57,100,15.03
531,532,madimba,TZ,1665215735,-10.4,40.3333,82.72,58,41,10.07
532,533,salvador,SV,1665215596,13.8333,-88.9167,68.4,96,95,3.62
533,534,ucluelet,CA,1665215735,48.9329,-125.5528,58.6,86,1,1.12
534,535,lixourion,GR,1665215736,38.2019,20.4314,72,48,12,2.37
535,536,oksfjord,NO,1665215736,70.2396,22.3479,44.78,79,91,5.39
536,537,tabas,IR,1665215736,33.5959,56.9244,81.36,4,0,4.45
537,538,albi,FR,1665215736,43.9298,2.148,64.11,82,100,3
538,539,stromness,GB,1665215737,58.965,-3.296,49.87,83,96,11.99
539,540,puri,IN,1665215737,19.8,85.85,86.52,72,29,11.27
540,541,jumla,NP,1665215738,29.2747,82.1838,56.86,94,100,2.35
541,542,zinder,NE,1665215738,13.8072,8.9881,78.76,78,7,9.22
542,543,storslett,NO,1665215738,69.7678,21.0247,42.8,70,100,9.22
543,544,parana,AR,1665215739,-31.732,-60.5238,65.57,59,0,16.02
544,545,hamirpur,IN,1665215739,25.95,80.15,84.38,71,100,7.11
545,546,anito,PH,1665215739,12.4497,125.2886,83.98,76,33,5.73
546,547,northam,GB,1665215739,51.0333,-4.2167,54.39,82,9,6.04
547,548,raudeberg,NO,1665215740,61.9875,5.1352,47.07,28,99,19.04
548,549,roma,US,1665215740,43.2128,-75.4557,43.09,87,100,10
549,550,owase,JP,1665215740,34.0667,136.2,67.17,67,100,5.41
550,551,madang,PG,1665215740,-5.2246,145.7966,81.72,80,28,9.42
551,552,homer,US,1665215741,59.6425,-151.5483,52.03,94,100,1.99
552,553,mount isa,AU,1665215741,-20.7333,139.5,85.77,30,5,21.85
553,554,camopi,GF,1665215741,3.1655,-52.3158,69.55,100,98,1.95
554,555,severnyy,RU,1665215741,50.677,36.5532,55.44,71,0,4.47
555,556,seoul,KR,1665215460,37.5683,126.9778,67.6,44,40,6.91
556,557,kalmunai,LK,1665215378,7.4167,81.8167,85.39,65,89,10.94
557,558,husavik,IS,1665215378,66.0449,-17.3389,34.77,83,98,6.93
558,559,huarmey,PE,1665215379,-10.0681,-78.1522,61.02,88,63,9.48
559,560,hambantota,LK,1665215380,6.1241,81.1185,95.34,46,40,11.5
560,561,keskin,TR,1665215348,39.6731,33.6136,51.37,80,100,1.21
561,562,vestmannaeyjar,IS,1665215380,63.4427,-20.2734,47.07,85,100,10
562,563,road town,VG,1665215105,18.4167,-64.6167,80.69,75,3,17.81
563,564,aldan,RU,1665215108,58.6031,125.3894,24.76,92,100,6.29